,,,,,,
,,,,,,
,,,,,,Pandapaxxy
,,,,,,Forsaken - PVE
,,,,,,
,,,,,,
Misfit,"Kings Sight K1, Dusk Sight D1, Dusk Dot D1","High-Caliber Rounds, Steady Rounds, Light Mag, Flared Magwell","Zen Moment, Dynamic Sway Reduction, Tap the Trigger","Rampage, High-Impact Reserves, Under Pressure",pve,
Ether Doctor,"Kings Sight K1, Dusk Sight D1, Dusk Dot D1","Alloy Magazine, High-Caliber Rounds, Extended Mag",Zen Moment,"Rampage, High-Impact Reserves",pve,
Hazard of the Cast,"Arrowhead Brake, Corkscrew Rifling, Chambered Compensator","Appended Mag, Light Mag, HCR","Triple Tap, Ambitious Assassin","Rampage, High-Impact Reserves",pve,
Halfdan-D,"SC Holo, GA Post","Steady Rounds, Tactical Mag, Alloy Mag","Outlaw, Dynamic Sway Reduction","Kill Clip, Rampage",pve,
,,,,,,
Subtle Calamity,"Natural String, Flexible String, Polymer String","Fiberglass Arrow Shaft, Carbon Arrow Shaft, Compact Arrow Shaft","Dragonfly, Rampage","Archer’s Tempo, Explosive Head",pve,
,,,,,,
Trust,"Full Bore, Extended Barrel, Polygonal Rifling","Extended Mag, Alloy Magazine, Flared Magwell","Outlaw, Dragonfly, Genesis, Triple Tap","Rampage, Zen Moment, Explosive Payload",pve,
Waking Vigil,"Sureshot HCS, Crossfire HCS","Extended Mag, Alloy Magazine, Flared Magwell","Outlaw, Dragonfly, Genesis, Triple Tap","Zen Moment, Explosive Payload",pve,
Better Devils,"Sureshot HCS, Crossfire HCS","Extended Mag, Alloy Magazine, Flared Magwell","Outlaw, Triple Tap","Kill Clip, Rampage, Zen Moment, Explosive Payload",pve,
Warden's Law,"HitMark HCS, Crossfire HCS, Sureshot HCS","Tactical Mag, Flared Magwell, Steady Rounds, Drop Mag","Rampage, Kill Clip, Zen Moment",Fourth Time’s the Charm,pve,
Duke Mk. 44,"Sureshot HCS, Crossfire HCS","Ricochet Rounds, Extended Mag","Rapid Hit, Outlaw",Rampage,pve,
,,,,,,
Horror's Least,"Arrowhead Brake, Fluted Barrel, Smallbore","Extended Mag, Light Mag, Flared Magwell, High-Caliber Rounds","Zen Moment, Under Pressure, Full Auto Trigger System","Outlaw, Kill Clip, High Impact Reserves, Dragonfly",pve,
Bygones,"Arrowhead Brake, Fluted Barrel, Smallbore","Extended Mag, Light Mag, Flared Magwell, High-Caliber Rounds","Rampage, Kill Clip, High-Impact Reserves","Outlaw, Full Auto Trigger System",pve,
Go Figure,"Wolf Sight W1, King Sight K1, Dusk Sight D1, Dusk Dot D1","Flared Magwell, High-Caliber Rounds","Outlaw, Firmly Planted, Zen Moment","Rampage, Kill Clip, High-Impact Reserves",pve,
Eystein-D,"SC Holo, GB Iron","Flared Magwell, Light Mag, Alloy Mag","Outlaw, Firmly Planted, Under Pressure","Rampage, Kill Clip, Full Auto Trigger System, Zen Moment",pve,
,,,,,,
Black Scorpion-4sr,"Polygonal Rifling, Chambered Compensator, Fluted Barrel","Steady Rounds, Extended Mag, Tactical Mag","Triple Tap, Zen Moment, High-Impact Reserves","Rampage, Dragonfly, Genesis, Outlaw",pve,
Vouchsafe,"Fluted Barrel, Polygonal Rifling, Corkscrew Rifling","Steady Rounds, Tactical Mag, Flared Magwell","Full Auto Trigger System, Ambitious Assassin","Dragonfly, Outlaw, Triple Tap, Rapid Hit, Explosive Payload",pve,
Nameless Midnight,"Red Dot Micro, Red Dot 2 MOA, Hitmark IS, Cleanshot IS","Steady Rounds, Tactical Mag, Extended Mag, Flared Magwell","Triple Tap, High-Impact Reserves","Outlaw, Rampage, Kill Clip, Explosive Payload",pve,
Talons of the Eagle,"Arrowhead Brake, Corkscrew Rifling, Fluted Barrel","High-Caliber Rounds, Tactical Mag, Steady Rounds","Full Auto Trigger System, Outlaw, Zen Moment","Full Auto Trigger System, Outlaw, Zen Moment",pve,
,,,,,,
The Last Dance,"Shortspec SAS, Target SAS, Control SAS","Appended Mag, Extended Mag, Tactical Mag","Outlaw, Full Auto Trigger System","Kill Clip, Dragonfly",pve,
Anonymous Autumn,"Shortspec SAS, Target SAS, Control SAS","Appended Mag, Extended Mag, Tactical Mag","Full Auto Trigger System, Outlaw","Kill Clip, Rampage",pve,
Smuggler's Word,"Shortspec SAS, Target SAS, Control SAS","High-Caliber Rounds, Extended Mag, Alloy Mag","Slideshot, Full Auto Trigger System, Outlaw","Rampage, Kill Clip",pve,
Vestian Dynasty,"Extended Barrel, Chambered Compensator","Alloy Magazine, Armor Piercing Rounds",Kill Clip,Dragonfly,pve,
,,,,,,
Pillager,"King Sight K1, King Dot K2, Wolf Sight W1, Wolf Dot W2, Dusk Sight D1, Dusk Dot D1","High-Caliber Rounds, Appended Mag, Alloy Mag","Zen Moment, Pulse Monitor, Threat Detector, Rampage","Kill Clip, Outlaw, High-Impact Reserves",pve,
Trackless Waste,"King Sight K1, King Dot K2, Wolf Sight W1, Wolf Dot W2, Dusk Sight D1, Dusk Dot D1","High-Caliber Rounds, Appended Mag, Alloy Mag","Zen Moment, Pulse Monitor","Kill Clip, Grave Robber, High-Impact Reserves",pve,
Hard Truths,"IS 2 Classic, Model 8 Red","High-Caliber Rounds, Appended Mag, Alloy Mag","Zen Moment, Pulse Monitor","Kill Clip, Grave Robber, High-Impact Reserves",pve,
Bad Reputation,"King Sight K1, Dusk Sight K1","High-Caliber Rounds, Appended Mag, Alloy Mag","Genesis, Zen Moment, Grave Robber","Outlaw, Kill Clip, High-Impact Reserves",pve,
,,,,,,
Badlander,"Full Choke, Rifled Barrel","Steady Rounds, Flared Magwell, Tactical Mag","Kill Clip, Threat Detector, Slideshot","Genesis, Rampage, Auto-Loading Holster",pve,
Parcel of Stardust,"Full Choke, Rifled Barrel","Assault Mag, Appended Mag, Tactical Mag","Full Auto Trigger System, Threat Detector","Outlaw, Rampage",pve,
Dust Rock Blues,"Full Choke, Rifled Barrel","Assault Mag, Tactical Mag, Appended Mag","Slideshot, Threat Detector","Rampage, Grave Robber, Full Auto Trigger System",pve,
Good Bone Structure,Hammer Forged Rifling,"Assault Mag, Tactical Mag, Steady Rounds","Outlaw, Full Auto Trigger System","Triple Tap, Rampage",pve,
Toil and Trouble,"Full Choke, Rifled Barrel","Assault Mag, Appended Mag, Tactical Mag","Slideshot, Auto-Loading Holster","Rampage, Full Auto Trigger System, Outlaw",pve,
,,,,,,
The Supremacy,"Fluted Barrel, Arrowhead Brake, Polygonal Rifling","Extended Mag, Appended Mag, Alloy Mag","Outlaw, Genesis, Ambitious Assassin","Triple Tap, Rampage, Kill Clip, Rapid Hit",pve,
Long Shadow,"ATA Scout, ATC Rex","Extended Mag, Appended Mag, Alloy Mag","Rapid Hit, Field Scout, Firmly Planted","Triple Tap, Outlaw, Rampage",pve,
Bite of the Fox,"Fluted Barrel, Arrowhead Brake, Polygonal Rifling","Extended Mag, Appended Mag, Alloy Mag","Full Auto Trigger System, Rapid Hit","Box Breathing, Rampage",pve,
,,,,,,
Proelium FR3,"Flash HS5, Torch HS3",Enhanced Battery,"Under Pressure, Auto-Loading Holster, Threat Detector","Kill Clip, Rampage, High-Impact Reserves",pve,
Techeun Force,"Fluted Barrel, Polygonal Rifling, Chambered Compensator",Enhanced Battery,"Kill Clip, Under Pressure","Rampage, High Impact Reserves",pve,
Main Ingredient,"Cleanshot IS, Hitmark IS",Enhanced Battery,"Auto-Loading Holster, Under Pressure","Kill Clip, Rampage, High-Impact Reserves",pve,
Erentil FR4,"Flash HS5, Torch HS3",Enhanced Battery,"Auto-Loading Holster, Under Pressure","Kill Clip, Rampage, High-Impact Reserves",pve,
,,,,,,
Crooked Fang-4fr,"Fluted Barrel, Arrowhead Brake, Corkscrew Rifling",Enhanced Battery,"High Impact Reserves, Auto-Loading Holster","Rampage, Dragonfly, Genesis, Box Breathing",pve,
,,,,,,
Zenobia-D,"Volatile Launch, Linear Compensator","High-Velocity Rounds, Black Powder, Alloy Casing","Auto-Loading Holster, Snapshot Sights","Cluster Bombs, Kill Clip, Quickdraw",pve,
Bad Omens,"Volatile Launch, Linear Compensator","High-Velocity Rounds, Black Powder, Alloy Casing","Tracking Module, Auto-Loading Holster","Cluster Bombs, Genesis, Kill Clip",pve,
Roar of the Bear,"Volatile Launch, Linear Compensator","High-Velocity Rounds, Black Powder, Alloy Casing","Tracking Module, Auto-Loading Holster","Cluster Bombs, Genesis, Kill Clip",pve,
,,,,,,
The Militia's Birthright,"Linear Compensator, Quick Launch","Proximity Grenades, Spike Grenades, Concussion Grenades","Ambitious Assassin, Genesis, Quickdraw","Rangefinder, Threat Detector",pve,
Edge Transit,"Volatile Launch,Linear Compensator, Quick Launch","Proximity Grenades, High-Explosive Ordnance, Black Powder","Threat Detector, Rangefinder","Quickdraw, Rampage, Genesis",pve,
Outrageous Fortune,"Volatile Launch,Linear Compensator, Quick Launch","Proximity Grenades, High-Explosive Ordnance, Black Powder","Threat Detector, Rangefinder","Quickdraw, Rampage, Genesis",pve,
,,,,,,
Abide the Return,"Tempered Edge, Honed Edge, Hungry Edge","Heavy Guard, Balanced Guard",Relentless Strikes,"Tireless Blade, Whirlwind Blade",pve,
,,,,,,
,,,,,,
,,,,,,Pandapaxxy
,,,,,,Forsaken PVP
,,,,,,
,,,,,,
Misfit,"Dusk Sight D1, Dusk Dot D1, Kings Sight K1","High-Caliber Rounds, Steady Rounds, Extended Mag","Tap the Trigger, Snapshot, Zen Moment","High-Impact Reserves, Under Pressure, Rampage",pvp,
Ether Doctor,"Kings Sight K1, Dusk Sight D1, Dusk Dot D1","Ricochet Rounds, Flared Magwell","Tap the Trigger, Dynamic Sway Reduction, Zen Moment","Under Pressure, Slideways",pvp,
Hazard of the Cast,"Arrowhead Brake, Chambered Compensator","High-Caliber Rounds, Extended Mag",Zen Moment,"Quickdraw, Rampage",pvp,
Halfdan-D,SC Holo,"Steady Rounds, Drop Mag, Tactical Mag","Tap the Trigger, Dynamic Sway Reduction","Rangefinder, Kill Clip",pvp,
,,,,,,
Subtle Calamity,"Natural String, Flexible String, Polymer String","Fiberglass Arrow Shaft, Carbon Arrow Shaft, Compact Arrow Shaft","Moving Target, Hip-Fire Grip","Archer’s Tempo, Explosive Head, Sneak Bow",pvp,
,,,,,,
Trust,"Hammer Forged Barrel**, Extended Barrel, Full Bore","Accurized Rounds, Drop Mag, Extended Mag, Flared Magwell","Opening Shot, Outlaw","Rapid Hit, Zen Moment, Explosive Rounds",pvp,
Waking Vigil,"Hitmark HCS, Crossfire HCS, Sureshot HCS","Accurized Rounds, Ricochet Rounds, Drop Mag, Extended Mag, Flared Magwell","Opening Shot, Outlaw","Slideshot, Explosive Rounds",pvp,
Better Devils,"Hitmark HCS, Crossfire HCS, Sureshot HCS","Accurized Rounds, Ricochet Rounds, Drop Mag, Extended Mag, Flared Magwell","Rangefinder, Moving Target, Outlaw","Opening Shot, Explosive Rounds",pvp,
Warden's Law,"HitMark HCS, Crossfire HCS, Sureshot HCS","Ricochet Rounds, Accurized Rounds, Drop Mag","Opening Shot, Kill Clip, Rampage","Rangefinder, Moving Target, Fourth Time’s the Charm",pvp,
Duke Mk. 44,"HitMark HCS, Crossfire HCS, Sureshot HCS","Ricochet Rounds, High Caliber Rounds, Alloy Magazine","Rangefinder, Opening Shot, Outlaw","Rampage, Moving Target, Kill Clip",pvp,
,,,,,,
Horror's Least,"Arrowhead Brake, Corkscrew Rifling, Polygonal Rifling","High-Caliber Rounds, Ricochet Rounds, Extended Mag","Zen Moment, Headseeker, Rangefinder","Outlaw, Kill Clip, High Impact Reserves, Dragonfly",pvp,
Bygones,"Arrowhead Brake, Corkscrew Rifling, Polygonal Rifling","High-Caliber Rounds, Ricochet Rounds, Extended Mag","Opening Shot, Rangefinder, Rampage","Slideshot, Outlaw, Full Auto Trigger System",pvp,
Go Figure,"Wolf Sight W1, King Sight K1, Dusk Sight D1, Dusk Dot D1","Flared Magwell, High-Caliber Rounds","Zen Moment, Moving Target, Firmly Planted","Headseeker, Rampage, Rangefinder",pvp,
Eystein-D,"SC Holo, GB Iron","Flared Magwell, High-Caliber Rounds","Moving Target, Firmly Planted, Under Pressure","Zen Moment, Headseeker, Snapshot Sights",pvp,
,,,,,,
Black Scorpion-4sr,"Polygonal Rifling, Chambered Compensator, Fluted Barrel","Accurized Rounds, Steady Rounds, Tactical Mag","Moving Target, Zen Moment","Outlaw, Rampage",pvp,
Vouchsafe,"Polygonal Rifling, Fluted Barrel, Corkscrew Rifling","Steady Rounds, Tactical Mag",Full Auto Trigger System,"Outlaw, Explosive Payload",pvp,
Nameless Midnight,"Hitmark IS, Cleanshot IS, Red Dot Micro","Steady Rounds, Tactical Mag","Moving Target, Zen Moment","Opening Shot, Rampage, Outlaw",pvp,
Talons of the Eagle,"Arrowhead Brake, Corkscrew Rifling, Fluted Barrel","High Caliber Rounds, Tactical Mag",Zen Moment,"Moving Target, Opening Shot",pvp,
,,,,,,
The Last Dance,"Shortspec SAS, Target SAS, Control SAS","Ricochet Rounds, High-Caliber Rounds, Tactical Mag","Full Auto Trigger System, Moving Target","Rangefinder, Opening Shot, Tap the Trigger",pvp,
Anonymous Autumn,"Shortspec SAS, Target SAS, Quickdot SAS","Ricochet Rounds, High-Caliber Rounds, Tactical Mag","Quickdraw, Moving Target, Full Auto Trigger System","Rangefinder, Opening Shot, Grave Robber",pvp,
Smuggler's Word,"Shortspec SAS, Target SAS, Control SAS","Ricochet Rounds, High-Caliber Rounds, Tactical Mag","Quickdraw, Moving Target","Rangefinder, Opening Shot, Tap the Trigger",pvp,
Vestian Dynasty,"Extended Barrel, Chambered Compensator","Alloy Magazine, Armor Piercing Rounds",Kill Clip,Dragonfly,pvp,
,,,,,,
Pillager,"Chambered Compensator, Corkscrew Rifling, Polygonal Rifling","High-Caliber Rounds, Ricochet Rounds, Appended Mag","Slideshot, Zen Moment, Grave Robber","Moving Target, Under Pressure, Kill Clip, Rampage",pvp,
Trackless Waste,"King Sight/Dot, Wolf Sight/Dot, Dusk Sight/Dot","High-Caliber Rounds, Ricochet Rounds, Appended Mag","Tap the Trigger, Threat Detector, Slideshot, Quickdraw","Snapshot Sights, Dynamic Sway Reduction, Kill Clip",pvp,
Hard Truths,"IS 2 Classic, Model 8 Red","Ricochet Rounds, High-Caliber Rounds, Appended Mag","Moving Target, Snapshot Sights, Zen Moment","Tap the Trigger, Threat Detector, Kill Clip",pvp,
Bad Reputation,"King Sight K1, Dusk Sight K1","Ricochet Rounds, High-Caliber Rounds, Appended Mag","Tap the Trigger, Genesis, Slideshot","Kill Clip, Dynamic Sway Reduction, Outlaw",pvp,
,,,,,,
Badlander,"Full Choke, Rifled Barrel",Accurized Rounds,"Slideshot, Threat Detector, Moving Target","Rampage, Quickdraw, Snapshot Sights",pvp,
Parcel of Stardust,"Full Choke, Rifled Barrel",Accurized Rounds,"Opening Shot, Slideshot, Full Auto Trigger System","Moving Target, Rampage",pvp,
Dust Rock Blues,"Full Choke, Rifled Barrel",Accurized Rounds,"Moving Target, Slideshot, Threat Detector","Rampage, Grave Robber, Full Auto Trigger System",pvp,
Good Bone Structure,Hammer Forged Rifling,Accurized Rounds,"Outlaw, Threat Detector","Outlaw, Threat Detector",pvp,
Toil and Trouble,"Full Choke, Rifled Barrel",Accurized Rounds,"Threat Detector, Slideshot","Rampage, Moving Target, Full Auto Trigger System",pvp,
,,,,,,
The Supremacy,"Fluted Barrel, Arrowhead Brake, Polygonal Rifling","Alloy Mag, Flared Magwell, Light Mag","Snapshot Sights, Outlaw","Rampage, Rapid Hit",pvp,
Long Shadow,"ATA Scout, ATC Rex","Drop Mag, Flared Magwell, Tactical Mag","Snapshot Sights, Threat Detector Firmly Planted","Moving Target, Outlaw, Rampage",pvp,
Bite of the Fox,"Fluted Barrel, Arrowhead Brake, Polygonal Rifling","Drop Mag, Tactical Mag, Alloy Mag","Snapshot Sights, Rapid Hit","Moving Target, Opening Shot, Explosive Payload",pvp,
,,,,,,
Proelium FR3,"Flash HS5, Torch HS3","Liquid Coils, Particle Repeater, Projection Fuse","Moving Target, Snapshot Sights","Rangefinder, Tap the Trigger, Rampage, Backup Plan",pvp,
Techeun Force,"Hammer Forged Rifling, Arrowhead Brake, Chambered Compensator","Liquid Coils, Particle Repeater, Projection Fuse","Snapshot Sights, Kill Clip","Rangefinder, Backup Plan, Rampage",pvp,
Main Ingredient,"Red Dot Micro, Red Dot 2 MOA, Hitmark IS","Liquid Coils, Particle Repeater, Projection Fuse","Moving Target, Snapshot Sights","Rampage, Backup Plan, Rangefinder, Tap the Trigger",pvp,
Erentil FR4,"Flash HS5, Torch HS3","Liquid Coils, Particle Repeater, Projection Fuse","Moving Target, Snapshot Sights","Rampage, Backup Plan, Rangefinder, Tap the Trigger",pvp,
,,,,,,
Crooked Fang-4fr,"Fluted Barrel, Arrowhead Brake, Corkscrew Rifling","Enhanced Battery, Projection Fuse","Backup Plan, Opening Shot, Snapshot Sights, Moving Target","Rangefinder, Rampage, Kill Clip",pvp,
,,,,,,
Zenobia-D,"Volatile Launch, Linear Compensator","High-Velocity Rounds, Black Powder, Alloy Casing",Snapshot Sights,"Cluster Bombs, Quickdraw",pvp,
Bad Omens,"Volatile Launch, Linear Compensator","High-Velocity Rounds, Black Powder, Alloy Casing","Tracking Module, Snapshot Sights","Cluster Bombs, Quickdraw",pvp,
Roar of the Bear,"Volatile Launch, Linear Compensator","High-Velocity Rounds, Black Powder, Alloy Casing","Tracking Module, Snapshot Sights","Cluster Bombs, Quickdraw",pvp,
,,,,,,
The Militia's Birthright,"Linear Compensator, Quick Launch","Concussion Grenades, Proximity Grenades",Quickdraw,"Snapshot Sights, Rangefinder",pvp,
Edge Transit,"Volatile Launch, Linear Compensator, Quick Launch",Proximity Grenades,"Snapshot Sights, Rangefinder","Rampage, Quickdraw",pvp,
Outrageous Fortune,"Volatile Launch, Linear Compensator, Quick Launch",Proximity Grenades,"Rangefinder, Snapshot","Quickdraw, Rampage",pvp,
,,,,,,
Abide the Return,"Hungry Edge, Tempered Edge","Heavy Guard, Balanced Guard",Relentless Strikes,"Tireless Blade, Assassin’s Blade",pvp,
,,,,,,
,,,,,,
,,,,,,Pandapaxxy
,,,,,,Season of the Forge
,,,,,,
,,,,,,
Breakneck,Polygonal Rifling,Extended Mag,Rampage,Onslaught,"curated,pve,pvp",
The Mountaintop,Volatile Launch,"Spike Grenades, Sticky Grenades",Rangefinder,Micro-Missle,"curated,pve,pvp",
Loaded Question,Red Dot 2 MOA,Ionized Battery,Auto-Loading Holster,Reservoir Burst,"curated,pve,pvp",
,,,,,,
Galliard-42 XN7568,"SLO-12 Post, SLO-21 Post, SLO-10 Post, SPO-26 Front, SPO-57 Front","Extended Mag, Light Mag, High-Caliber Rounds, Ricochet Rounds","Outlaw, Quickdraw, Under Pressure, Grave Robber","Rampage, Kill Clip, High Impact Reserves",pve,
Galliard-42 XN7568,"SLO-12 Post, SLO-21 Post, SLO-10 Post, SPO-26 Front, SPO-57 Front","Ricochet Rounds, High-Caliber Rounds","Tap the Trigger, Quickdraw, Outlaw","Rangefinder, Moving Target, Rampage, Kill Clip",pvp,
The Ringing Nail,"Rasmussen ISA, Meyrin RDS, Meyrin RDL","Appended Mag, Light Mag, High-Caliber Rounds, Extended Mag","Dragonfly, Zen Moment, Shield Disorient","Rampage, Kill Clip, High Impact Reserves",pve,
The Ringing Nail,"Rasmussen ISA, Meyrin RDS, Meyrin RDL","Ricochet Rounds, High-Caliber Rounds, Appended Mag","Zen Moment, Quickdraw","Tap the Trigger, Disruption Break, Kill Clip, Rampage",pvp,
,,,,,,
Bad News XF4354,Any,"Appended Mag, Tactical Mag, Alloy Mag, Flared Magwell","Outlaw, Triple Tap","Kill Clip, Explosive Rounds",pve,
Bad News XF4354,"SureShot HCS, Crossfire HCS, HitMark HCS",Accurized Rounds,"Rangefinder, Outlaw, Moving Target","Opening Shot, Explosive Rounds, Kill Clip",pvp,
Crimil's Dagger,Any,"Appended Mag, Tactical Mag, Alloy Mag, Flared Magwell","Outlaw, Triple Tap","Kill Clip, Explosive Rounds",pve,
Crimil's Dagger,"SureShot HCS, Crossfire HCS, HitMark HCS",Accurized Rounds,"Rangefinder, Outlaw, Moving Target","Opening Shot, Explosive Rounds, Kill Clip",pvp,
Kindled Orchid,Any,"Appended Mag, Tactical Mag, Alloy Mag, Flared Magwell","Outlaw, Kill Clip, Surrounded","Rapid Hit, Rampage, Explosive Rounds",pve,
Kindled Orchid,"Full Bore, Extended Barrel, Hammer-Forged Rifling, Smallbore",Accurized Rounds,"Rangefinder, Outlaw, Quickdraw, Kill Clip","Explosive Rounds, Rapid Hit, Rampage",pvp,
,,,,,,
Nightshade,"Cleanshot IS, HitMark IS, Red Dot Micro","Tactical Mag, Extended Mag, Appended Mag, Flared Magwell","Outlaw, Ambitious Assassin","Rampage, Kill Clip, Full-Auto Trigger System",pve,
Nightshade,"Cleanshot IS, HitMark IS, Red Dot Micro","Accurized Rounds, Tactical Mag, Steady Rounds","Outlaw, Rangefinder, Moving Target","Zen Moment, Kill Clip, Headseeker, Rampage",pvp,
Swift Ride XE8375,"SLO-12 Post, SLO-10 Post, SLO-21 Post, SPO-57 Front","Tactical Mag, Extended Mag, Appended Mag, Flared Magwell","Outlaw, Ambitious Assassin","Rampage, Kill Clip, Full-Auto Trigger System",pve,
Swift Ride XE8375,"SLO-12 Post, SLO-10 Post, SLO-21 Post, SPO-57 Front","Accurized Rounds, Tactical Mag, Steady Rounds","Outlaw, Rangefinder, Moving Target","Zen Moment, Kill Clip, Headseeker, Rampage",pvp,
,,,,,,
Does Not Compute,"HitMark IS, Cleanshot IS, Red Dot Micro","Appended Mag, Tactical Mag, Alloy Mag, Flared Magwell","Triple Tap, High-Impact Reserves","Outlaw, Rampage, Kill Clip",pve,
Does Not Compute,"HitMark IS, Cleanshot IS, Red Dot Micro","Steady Rounds, Tactical Mag, Flared Magwell","Zen Moment, Moving Target","Outlaw, Explosive Payload, Opening Shot, Kill Clip",pvp,
No Feelings,"Rasmussen ISA, Meyrin RDS, Meyrin RDL","Appended Mag, Tactical Mag, Alloy Mag, Flared Magwell","Outlaw, Rapid Hit, Triple Tap, Mulligan","Box Breathing, Rampage, Kill Clip, Explosive Rounds",pve,
No Feelings,"Rasmussen ISA, Meyrin RDS, Meyrin RDL","Steady Rounds, Tactical Mag, Flared Magwell","Outlaw, Rapid Hit","Moving Target, Zen Moment, Explosive Rounds, Kill Clip",pvp,
Tango-45 XK5094,"SLO-12 Post, SLO-10 Post, SLO-21 Post, SPO-57 Front","Appended Mag, Tactical Mag, Alloy Mag, Flared Magwell","Triple Tap, High-Impact Reserves","Outlaw, Rampage, Dragonfly",pve,
Tango-45 XK5094,"SLO-12 Post, SLO-10 Post, SLO-21 Post, SPO-57 Front","Steady Rounds, Tactical Mag, Flared Magwell","Moving Target, Zen Moment","Outlaw, Explosive Rounds, Opening Shot",pvp,
,,,,,,
Dead Man Walking XX7463,"ShortSpec SAS, Control SAS","Appended Mag, Tactical Mag, Extended Mag","Outlaw, Quickdraw","Kill Clip, Rampage, Grave Robber",pve,
Dead Man Walking XX7463,"FarPoint SAS, Target SAS, Tactic SAS (PC)","Accurized Rounds, Steady Rounds, Appended Mag","Outlaw, Quickdraw, Moving Target","Rangefinder, Zen Moment, Kill Clip, Opening Shot",pvp,
Dead Man Walking XX7463,"Tactic SAS, ShortSpec SAS, Control SAS (Console)","Accurized Rounds, Steady Rounds, Appended Mag","Outlaw, Quickdraw, Moving Target","Rangefinder, Zen Moment, Kill Clip, Opening Shot",pvp,
,,,,,,
Atalanta-D XG1992,"SC Holo, GB Iron, GA Post","Appended Mag, Extended Mag, Light Mag","Zen Moment, Slideways","Kill Clip, High-Impact Reserves, Tap the Trigger",pve,
Atalanta-D XG1992,SC Holo,"Ricochet Rounds, High-Caliber Rounds","Slideways, Moving Target, Zen Moment","Kill Clip, Tap the Trigger, Grave Robber",pvp,
Hero's Burden,Any,"High-Caliber Rounds, Appended Mag, Extended Mag, Alloy Mag","Slideways, Zen Moment","Kill Clip, High-Impact Reserves, Grave Robber",pve,
Hero's Burden,"SPO-28 Front, SPO-57 Front","Ricochet Rounds, High-Caliber Rounds, Appended Mag","Zen Moment, Moving Target, Slideways","Kill Clip, Tap the Trigger, Threat Detector",pvp,
,,,,,,
,,,,,,
Tempered Dynamo,"Rasmussen ISA, Meyrin RDS, Meyrin RDL","Liquid Coils, Enhanced Battery, Particle Repeater, Projection Fuse","Shield Disorient, Opening Shot","Rampage, High-Impact Reserves, Kill Clip",pve,
Tempered Dynamo,"Rasmussen ISA, Meyrin RDS, Meyrin RDL","Liquid Coils, Projection Fuse, Particle Repeater, Enhanced battery","Opening Shot, Backup Plan","High-Impact Reserves, Rampage, Disruption Break, Kill Clip",pvp,
,,,,,,
Baligant XU773,"Rifled Barrel, Barrel Shroud, Corkscrew Rifling","Appended Mag, Tactical Mag, Assault Mag, Extended Mag","Full-Auto Trigger System, Slideshot, Threat Detector","Rampage, Outlaw, Auto-Loading Holster",pve,
Baligant XU773,"Full Choke, Rifled Barrel",Accurized Rounds,Slideshot,"Rampage, Moving Target, Snapshot",pvp,
Threat Level,"Rifled Barrel, Barrel Shroud, Corkscrew Rifling","Tactical Mag, Appended Mag, Extended Mag","Trench Barrel, Surrounded, Rampage, Slideshot","Quickdraw, Grave Robber, Threat Detector",pve,
Threat Level,"Full Choke, Rifled Barrel",Accurized Rounds,"Rampage, Moving Target, Slideshot","Quickdraw, Snapshot Sights, Grave Robber",pvp,
Wishbringer,"Rifled Barrel, Barrel Shroud, Corkscrew Rifling","Tactical Mag, Appended Mag, Extended Mag","Slideshot, Threat Detector","Rampage, Auto-Loading Holster",pve,
Wishbringer,"Full Choke, Rifled Barrel",Accurized Rounds,Slideshot,"Opening Shot, Rampage, Snapshot",pvp,
,,,,,,
Show of Force XF4865,"ATC Rex, ATA Scout, ATA Raptor","Appended Mag, Tactical Mag, Extended Mag, Flared Magwell","Rapid Hit, Mulligan, Firmly Planted","Triple Tap, Rampage, Outlaw",pve,
Show of Force XF4865,"ATC Rex, ATA Scout, ATA Raptor","Steady Rounds, Tactical Mag, Flared Magwell","Snapshot Sights, Firmly Planted","Outlaw, Moving Target, Rampage",pvp,
Persuader,50Val Telescopic,"Appended Mag, Tactical Mag, Extended Mag, Flared Magwell","Rapid Hit, Field Prep","Triple Tap, Outlaw",pve,
Persuader,50Val Telescopic,"Steady Rounds, Accurized Rounds Tactical Mag, Flared Magwell","Snapshot Sights, Firmly Planted","Outlaw, Moving Target",pvp,
Tatara Gaze,"Arrowhead Brake, Fluted Barrel, Polygonal Rifling","Appended Mag, Tactical Mag, Extended Mag, Flared Magwell","Outlaw, Rapid Hit","Rampage, Kill Clip, Box Breathing, Dragonfly",pve,
Tatara Gaze,"Fluted Barrel, Arrowhead Brake, Polygonal Rifling","Steady Rounds, Tactical Mag, Flared Magwell","Quickdraw, Snapshot Sights","Opening Shot, Kill Clip, Box Breathing",pvp,
,,,,,,
,,,,,,
Acantha-D XK8434,"Volatile Launch, Linear Compensator, Confined Launch","Spike Grenades, High-Explosive Ordnance, Proximity Grenades","Field Prep, Auto-Loading Holster, Threat Detector",Rampage,pve,
Acantha-D XK8434,"Volatile Launch, Linear Compensator","Proximity Grenades, Spike Grenades","Auto-Loading Holster, Rangefinder","Rampage, Quickdraw",pvp,
,,,,,,
Avalanche,"SLO-12 Post, SLO-10 Post, SLO-21 Post, SPO-57 Front","Appended Mag, Alloy Mag, High-Caliber Rounds, Extended Mag","Feeding Frenzy, Slideways, Threat Detector","Rampage, High-Impact Reserves, Hip-Fire Grip",pve,
Avalanche,"SLO-12 Post, SLO-10 Post, SLO-21 Post, SPO-57 Front","Ricochet Rounds, High-Caliber Rounds, Armor-Piercing Rounds","Moving Target, Slideways","Rampage, Quickdraw, High-Impact Reserves",pvp,
Hammerhead,"Arrowhead Brake, Chambered Compensator, Polygonal Rifling","Appended Mag, Alloy Mag, High-Caliber Rounds, Extended Mag","Feeding Frenzy, Quickdraw","Rampage, Surrounded, High-Impact Reserves",pve,
Hammerhead,"Arrowhead Brake, Hammer-Forged Rifling, Polygonal Rifling","Ricochet Rounds, High-Caliber Rounds, Armor-Piercing Rounds","Tap the Trigger, Quickdraw","Rampage, High-Impact Reserves, Surrounded",pvp,
,,,,,,
Bellowing Giant,"Hard Launch, Quick Launch, Linear Compensator","Impact Casing, Alloy Casing, Implosion Rounds","Field Prep, Tracking Module, Quickdraw","Cluster Bombs, Ambitious Assassin, Auto-Loading Holster",pve,
Bellowing Giant,"Volatile Launch, Confined Launch, Linear Compensator","Black Powder, Impact Casing, Alloy Casing","Tracking Module, Quickdraw","Cluster Bombs, Auto-Loading Holster",pvp,
Hoosegow XE5837,"Hard Launch, Quick Launch, Linear Compensator","Impact Casing, Alloy Casing, Implosion Rounds","Field Prep, Auto-Loading Holster","Cluster Bombs, Quickdraw, Ambitious Assassin",pve,
Hoosegow XE5837,"Volatile Launch, Confined Launch, Linear Compensator","Black Powder, Impact Casing, Alloy Casing",Auto-Loading Holster,"Cluster Bombs, Quickdraw",pvp,
,,,,,,
,,,,,,
,,,,,,Pandapaxxy
,,,,,,Season of the Drifter
,,,,,,
,,,,,,
Oxygen SR3,Polygonal Rifling,Accurized Rounds,Dragonfly,Meganeura,"curated,pve,pvp",
The Recluse,Polygonal Rifling,Ricochet Rounds,Feeding Frenzy,Master of Arms,"curated,pve,pvp",
21% Delirium,Polygonal Rifling,Extended Mag,Overflow,Killing Tally,"curated,pve,pvp",
,,,,,,
Gnawing Hunger,"Arrowhead Brake, Chambered Compensator, Corkscrew Rifling","Tactical Mag, Appended Mag, Extended Mag","Zen Moment, Tap the Trigger, Subsistence","Rampage, Multikill Clip, Demolitionist",pve,
Gnawing Hunger,"Extended Barrel, Hammer Forged Rifling, Smallbore","Accurized Rounds, Tactical Mag","Tap the Trigger, Zen Moment","Kill Clip, Demolitionist",pvp,
,,,,,,
Service Revolver,"TrueSight HCS, Fastdraw HCS, SteadyHand HCS","Appended Mag, Extended Mag, High-Caliber Rounds, Light Mag","Outlaw, Rapid Hit, Triple Tap","Rampage, Kill Clip",pve,
Service Revolver,"SureShot HCS, Crossfire HCS","Ricochet Rounds, Accurized Rounds","Rangefinder, Moving Target, Outlaw","Opening Shot, Kill Clip, Zen Moment",pvp,
Spare Rations,"Hammer-Forged Rifling, Corkscrew Rifling, Fluted Barrel","Appended Mag, High-Caliber Rounds, Flared Magwell","Fourth Times the Charm, Rapid Hit","Rampage, Kill Clip, Multikill Clip",pve,
Spare Rations,"Full Bore, Hammer-Forged Rifling, Smallbore","Ricochet Rounds, Light Mag, High-Caliber Rounds","Rapid Hit, Snapshot","Kill Clip, Rangefinder, Slideshot, Moving Target",pvp,
,,,,,,
Outlast,"Arrowhead Brake, Chambered Compensator, Extended Barrel","Tactical Mag, Appended Mag, Extended Mag, Flared Magwell","Feeding Frenzy, Outlaw, Full Auto Trigger System","Rampage, Kill Clip, Demolitionist",pve,
Outlast,"Arrowhead Brake, Extended Barrel, Chambered Compensator","Accurized Rounds, Steady Rounds, Tactical Mag","Feeding Frenzy, Rangefinder, Full Auto Trigger System, Outlaw","Kill Clip, Demolitonist, Rampage",pvp,
Last Perdition,"SLO-10 Post, SPO-28 Front, SPO-57 Front","Tactical Mag, Appended Mag, Extended Mag, Steady Rounds","Outlaw, Rangefinder","Rampage, Kill Clip, High-Impact Reserves, Full Auto Trigger System",pve,
Last Perdition,"SPO-57 Front, SPO-28 Front, SPO-26 Front","Steady Rounds, Accurized Rounds, Tactical mag","Rangefinder, Moving Target, Outlaw","Kill Clip, Zen Moment, Snapshot",pvp,
,,,,,,
Night Watch,"Arrowhead Brake, Fluted Barrel, Chambered Compensator","Tactical Mag, Appended Mag","Rapid Hit, Outlaw, Subsistence","Rampage, Explosive Rounds, Multikill Clip",pve,
Night Watch,"Arrowhead Brake, Extended Barrel","Tactical Mag, Flared Magwell, Steady Rounds/Accurized Rounds","Rapid Hit, Outlaw","Explosive Rounds, Moving Target, Demolitionist",pvp,
,,,,,,
Lonesome,"Arrowhead Brake, Fluted Barrel, Polygonal Rifling","Appended Mag, Flared Magwell, Alloy Mag","Outlaw, Rapid Hit, Full Auto Trigger System, Zen Moment","Kill Clip, Multikill Clip, Demolitionist, Swashbuckler",pve,
Lonesome,"Hammer-Forged Rifling, Extended Barrel, Chambered Compensator","Ricochet Rounds, High-Caliber Rounds, Light Mag","Zen Moment, Full Auto Trigger System, Grave Robber","Kill Clip, Opening Shot, Demolitionist",pvp,
,,,,,,
Bug-Out Bag,"Arrowhead Brake, Chambered Compensator, Corkscrew Rifling","Tactical Mag, Appended Mag, Extended Mag","Zen Moment, Tap the Trigger, Subsistence","Rampage, Multikill Clip, Demolitionist",pve,
Bug-Out Bag,"Extended Barrel, Hammer Forged Rifling, Smallbore","Accurized Rounds, Tactical Mag","Tap the Trigger, Zen Moment","Kill Clip, Demolitionist",pvp,
,,,,,,
,,,,,,
The Wizened Rebuke,Any,"Enhanced Battery, Projection Fuse, Particle Repeater","Auto-Loading Holster, Threat Detector","Backup Plan, Demolitionist, High-Impact Reserves",pve,
The Wizened Rebuke,"Red Dot Micro, Red Dot 2 MOA","Liquid Coils, Projection Fuse","Under Pressure, Auto-Loading Holster, Moving Target","Tap the Trigger, High-Impact Reserves, Rangefinder, Backup Plan, Demolitionist",pvp,
,,,,,,
Orewing's Maul,"Linear Compensator, Quick Launch, Smart Drift Control","Spike Grenades, High-Velocity Rounds","Field Prep, Grave Robber, Pulse Monitor","Demolitionist, Auto-Loading Holster",pve,
Orewing's Maul,"Volatile Launch, Hard Launch, Countermass","Spike Grenades, Proximity Grenades",Quickdraw,"Demolitionist, Auto-Loading Holster",pvp,
,,,,,,
Last Man Standing,"Rifled Barrel, Smallbore, Corkscrew Rifling","Assault Mag, Tactical Mag, Appended Mag","Grave Robber, Field Prep","Rampage, One-Two Punch, Demolitionist",pve,
Last Man Standing,"Full Choke, Rifled Barrel","Accurized Rounds, Light Mag",Opening Shot,"Rampage, Swashbuckler, Demolitionist",pvp,
,,,,,,
Sole Survivor,"Chambered Compensator, Polygonal Rifling, Arrowhead Brake","Extended Mag, Appended Mag, Flared Magwell","Fourth Times the Charm, Triple Tap, Rapid Hit","Firing Line, Demolitionist, Opening Shot",pve,
Sole Survivor,"Fluted Barrel, Arrowhead Brake, Corkscrew Rifling","Appended Mag, Ricochet Rounds, Flared Magwell",Snapshot,"Opening Shot, Slideshot, Demolitionist",pvp,
,,,,,,
,,,,,,
Doomsday,"Countermass, Linear Compensator, Quick Launch","Spike Grenades, Augmented Drum, High-Explosive Ordinance","Field Prep, Auto-Loading Holster","Demolitionist, Ambitious Assassin",pve,
Doomsday,"Volatile Launch, Smart Drift Control, Confined Launch","Proximity Grenades, Spike Grenades","Threat Detector, Rangefinder, Auto-Loading Holster","Quickdraw, Demolitionist, Full Court",pvp,
,,,,,,
Just in Case,"Hungry Edge, Tempered Edge","Heavy Guard, Balanced Guard","Relentless Strikes, Tireless Blade","Whirlwind Blade, Shattering Blade, En Garde",pve,
Just in Case,"Honed Edge, Jagged Edge","Heavy Guard, Enduring Guard",Tireless Blade,"Assassin's Blade, En Garde, Shattering Blade",pvp,
,,,,,,
,,,,,,
,,,,,,Pandapaxxy
,,,,,,Season of the Opulence
,,,,,,
,,,,,,
Revoker,Extended Barrel,Accurized Rounds,Snapshot Sights,Reversal of Fortune,"curated,pve,pvp",
,,,,,,
Hush,Natural String,Straight Fletching,Opening Shot,Archer's Gambit,"curated,pve,pvp",
,,,,,,
Wendigo GL3,Smart Drift Control,Blinding Grenades,Auto-Loading Holster,Explosive Light,"curated,pve,pvp",
,,,,,,
,,,,,,
Gahlran's Right Hand,"Fluted Barrel, Corkscrew Rifling, Polygonal Rifling","High-Caliber Rounds, Armor-Piercing Rounds, Extended Mag","Outlaw, Zen Moment, Tap the Trigger","Multikill Clip, Demolitionist, High-Impact Reserves",pve,
Gahlran's Right Hand,"Extended Barrel, Chambered Compensator, Arrowhead Brake","Ricochet Rounds, High-Caliber Rounds","Tap the Trigger, Zen Moment, Eye of the Storm","Demolitionist, Underdog, Rangefinder",pvp,
,,,,,,
Austringer,"Hammer-Forged Rifling, Smallbore, Full Bore","Tactical Mag, Appended Mag, Accurized Rounds","Outlaw, Subsistence, Triple Tap","Rampage, Demolitionist",pve,
Austringer,"Full Bore, Hammer-Forged Rifling, Extended Barrel","Accurized Rounds, Tactical Mag","Outlaw, Eye of the Storm","Rangefinder, Opening Shot, Demolitionist",pvp,
,,,,,,
Calusea Noblesse,"Fluted Barrel, Polygonal Rifling, Corkscrew Rifling","Tactical Mag, Appended Mag, Steady Rounds","Outlaw, Subsistence","Multikill Clip, Rampage, Dragonfly",pve,
Calusea Noblesse,"Fluted Barrel, Chambered Compensator, Arrowhead Brake","Steady Rounds, Tactical Mag","Zen Moment, Moving Target, Outlaw","Rampage, Dragonfly",pvp,
,,,,,,
Drang (Baroque),"Chambered Compensator, Extended Barrel, Hammer-Forged Rifling","Appended Mag, High-Caliber Rounds, Alloy Mag","Full Auto Trigger System, Disruption Break, Quickdraw","Rampage, Swashbuckler, Underdog",pve,
Drang (Baroque),"Full Bore, Extended Barrel, Hammer-Forged Rifling","Ricochet Rounds, High-Caliber Rounds, Light Mag","Quickdraw, Moving Target, Eye of the Storm","Swashbuckler, Rampage, Zen Moment",pvp,
,,,,,,
Calus Mini-Tool,"Chambered Compensator, Extended Barrel, Fluted Barrel","High-Caliber Rounds, Appended Mag, Flared Magwell","Grave Robber, Dynamic Sway Reduction","Surrounded, Disruption Break, Feeding Frenzy",pve,
Calus Mini-Tool,"Hammer-Forged Rifling, Extended Barrel, Smallbore",Ricochet Rounds,"Moving Target, Slideways","Tap the Trigger, Feeding Frenzy, Disruption Break",pvp,
,,,,,,
The Epicurean,"Fluted Barrel, Corkscrew Rifling, Polygonal Rifling","Liquid Coils, Enhanced Battery, Projection Fuse","Feeding Frenzy, Quickdraw","Swashbuckler, Demolitionist, Backup Plan",pve,
The Epicurean,"Full Bore, Hammer Forged Rifling, Smallbore","Projection Fuse, Liquid Coils","Tap the Trigger, Quickdraw, Feeding Frenzy, Under Pressure","Rangefinder, Backup Plan, Demolitionist, Swashbuckler",pvp,
,,,,,,
Imperial Decree,"Smallbore, Rifled Barrel, Corkscrew Rifling","Tactical Mag, Appended Mag, Assault Mag, Extended Mag","Feeding Frenzy, Grave Robber, Full Auto Trigger System","Trench Barrel, Swashbucker, Rampage",pve,
Imperial Decree,"Full Choke, Rifled Barrel",Accurized Rounds,"Slideshot, Feeding Frenzy","Swashbucker, Snapshot Sights, Rampage",pvp,
,,,,,,
Emperor's Courtesy,"Smallbore, Rifled Barrel, Corkscrew Rifling","Tactical Mag, Appended Mag, Assault Mag, Extended Mag","Grave Robber, Quickdraw","Swashbuckler, Rampage, Surrounded",pve,
Emperor's Courtesy,"Full Choke, Rifled Barrel",Accurized Rounds,"Quickdraw, Snapshot Sights","Opening Shot, Swashbuckler, Slideshot, Rampage, Surrounded",pvp,
,,,,,,
Gunnora's Axe,"Fluted Barrel, Corkscrew Rifling, Arrowhead Brake","Tactical Mag, Assault Mag, Appended Mag","Outlaw, Quickdraw, Full Auto Trigger System","Swashbuckler, Demolitionist, Triple Tap, Rampage",pve,
Gunnora's Axe,"Fluted Barrel, Hammer-Forged Rifling, Smallbore, Full Bore","Accurized Rounds, Assault Mag, Light Mag","Quickdraw, Outlaw","Opening Shot, Swashbuckler, Demolitionist, Slideshot, Rampage, Moving Target, Snapshot Sights",pvp,
,,,,,,
Beloved,"Fluted Barrel, Corkscrew Rifling, Polygonal Rifling","Tactical Mag, Appended Mag, Extended Mag","Demolitionist, No Distractions, Mulligan","Fourth Times the Charm, Box Breathing, Rampage",pve,
Beloved,"Fluted Barrel, Hammer-Forged Rifling, Smallbore","Tactical Mag, Accurized Rounds, Flared Magwell","Snapshot Sights, Demolitionist, No Distractions","Quickdraw, Moving Target",pvp,
,,,,,,
Bane of Sorrow,"Arrowhead Brake, Fluted Barrel, Corkscrew Rifling","Appended Mag, High-Caliber Rounds, Extended Mag","Feeding Frenzy, Under Pressure, Eye of the Storm","Rampage, Demolitionist",pve,
Bane of Sorrow,"Extended Barrel, Chambered Compensator, Hammer-Forged Rifling","Ricochet Rounds, High-Caliber Rounds, Appended Mag","Tap the Trigger, Eye of the Storm, Feeding Frenzy","Demolitionist, Rampage, Mulligan",pvp,
,,,,,,
Fixed Odds,"Arrowhead Brake, Fluted Barrel, Corkscrew Rifling","Appended Mag, High-Caliber Rounds, Extended Mag","Feeding Frenzy, Quickdraw","Rampage, Surrounded",pve,
Fixed Odds,"Extended Barrel, Chambered Compensator, Hammer-Forged Rifling","Ricochet Rounds, High-Caliber Rounds, Appended Mag","Quickdraw, No Distractions","Tap the Trigger, Rampage, Rangefinder",pvp,
,,,,,,
Shining Sphere,"Volatile Launch, Confined Launch, Linear Compensator","Impact Casing, Black Powder, Alloy Casing","Field Prep, Auto-Loading Holster","Tracking Module, Demolitionist",pve,
Shining Sphere,"Volatile Launch, Confined Launch, Linear Compensator","Black Powder, Alloy Casing, High-Velocity Rounds",Auto-Loading Holster,"Tracking Module, Demolitionist",pvp,
,,,,,,
Death's Razor,"Hungry Edge, Tempered Edge, Jagged Edge",Heavy Guard,"Energy Transfer, Relentless Strikes, Tireless Blade",Whirlwind Blade,pve,
Death's Razor,"Hungry Edge, Tempered Edge, Jagged Edge",Heavy Guard,"Energy Transfer, Relentless Strikes, Tireless Blade","Counterattack, Assassin's Blade",pvp,
,,,,,,
Goldtusk,"Hungry Edge, Tempered Edge, Jagged Edge",Heavy Guard,"En Garde, Relentless Strikes, Tireless Blade","Surrounded, Whirlwind Blade",pve,
Goldtusk,"Hungry Edge, Tempered Edge, Jagged Edge",Heavy Guard,"Energy Transfer, Relentless Strikes, Tireless Blade","Assassin's Blade, Surrounded",pvp,
,,,,,,
Throne Cleaver,"Hungry Edge, Tempered Edge, Jagged Edge",Heavy Guard,"Shattering Blade, Relentless Strikes, Tireless Blade","En Garde, Counterattack, Whirlwind Blade",pve,
Throne Cleaver,"Hungry Edge, Tempered Edge, Jagged Edge",Heavy Guard,"Energy Transfer, Relentless Strikes, Tireless Blade","Assassin's Blade, Counterattack",pvp,
,,,,,,
,,,,,,
,,,,,,Pandapaxxy
,,,,,,Season of Undying
,,,,,,
,,,,,,
Exit Strategy,Arrowhead Brake,Ricochet Rounds,"Underdog, Threat Detector","Swashbuckler, Surrounded","pvp,pve,curated",Stability
,,,,,,
Imperative,"Fluted Barrel, Corkscrew Rifling, Polygonal Rifling","Tactical Mag, Appended Mag, Flared Magwell","Outlaw, Triple Tap, Eye of the Storm","Multikill Clip, Rampage, Explosive Rounds",pve,Handling or Reload
,"Hammer-Forged Rifling, Fluted Barrel, Corkscrew Rifling","Accurized Rounds (PC), Steady Rounds (Console), Tactical Mag","No Distractions, Eye of the Storm, Outlaw","Opening Shot, Explosive Rounds, Rampage",pvp,Handling
,,,,,,
Loud Lullaby,"Hammer-Forged Rifling, Smallbore, Corkscrew Rifling","Tactical Mag, Extended Mag","Outlaw, Grave Robber","Multikill Clip, Rampage, Demolitionist",pve,Reload
,"Full Bore, Hammer-Forged Rifling, Extended Barrel","Accurized Rounds, Tactical Mag",Outlaw,"Opening Shot, Explosive Rounds, Demolitionist",pvp,Range
,,,,,,
One Small Step,"Smallbore, Barrel Shroud, Corkscrew Rifling","Tactical Mag, Extended Mag, Appended Mag","Grave Robber, Quickdraw, Auto-Loading Holster","One-Two Punch, Rampage",pve,Reload
,"Full Choke, Rifled Barrel","Accurized Rounds, Light Mag","Quickdraw, Slideshot","Opening Shot, Snapshot Sights, One-Two Punch",pvp,Range
,,,,,,
Pluperfect,"Fluted Barrel, Corkscrew Rifling, Smallbore","High-Caliber Rounds, Appended Mag, Ricochet Rounds","Outlaw, Underdog, Zen Moment","Rampage, Kill Clip, High-Impact Reserves",pve,Reload or Handling
,"Extended Barrel, Hammer-Forged Rifling, Smallbore","High-Caliber Rounds, Ricochet Rounds, Light Mag","Underdog, Zen Moment, Outlaw","Rampage, Dynamic Sway Reduction, Mulligan",pvp,Range or Handling
,,,,,,
Randy's Throwing Knife,Fluted Barrel,Extended Mag,"Rapid Hit, Snapshot Sights","Kill Clip, Zen Moment",pve,Range
,Fluted Barrel,Extended Mag,"Rapid Hit, Snapshot Sights","Kill Clip, Zen Moment",pvp,Range
,,,,,,
Tranquility,"Fluted Barrel, Corkscrew Rifling","Appended Mag, Extended Mag, Tactical Mag","Outlaw, Field Prep, Auto-Loading Holster","Firing Line, Fourth Time’s the Charm, Box Breathing",pve,Reload
,"Fluted Barrel, Arrowhead Brake, Corkscrew Rifling","Tactical Mag, Accurized Rounds","No Distractions, Outlaw","Snapshot Sights, Opening Shot",pvp,Range or Reload
,,,,,,
,,,,,,
Adhortative,"Arrowhead Brake, Extended Barrel, Chambered Compensator","High-Caliber Rounds, Appended Mag, Extended Mag","Feeding Frenzy, Underdog, Field Prep","Multikill Clip, Rampage, Dragonfly",pve,Handling
,"Arrowhead Brake, Extended Barrel","High-Caliber Rounds, Ricochet Rounds, Light Mag","Feeding Frenzy, Firmly Planted, Underdog","Rangefinder, Dragonfly",pvp,Range
,,,,,,
Arc Logic,"Fluted Barrel, Smallbore, Corkscrew Rifling","Tactical Mag, Extended Mag, Appended Mag","Overflow, Outlaw, Field Prep","Rampage, Demolitionist, Triple Tap",pve,Reload or Handling
,"Arrowhead Brake, Smallbore, Extended Barrel",Accurized Rounds,"Outlaw, Moving Target","Tap the Trigger, Rangefinder",pvp,Range or Handling
,,,,,,
Dream Breaker,"Fluted Barrel, Corkscrew Rifling","Liquid Coils, Enhanced Battery, Accelerated Coils","Auto-Loading Holster, Underdog, Threat Detector","Backup Plan, Rampage, Disruption Break",pve,Handling
,"Arrowhead Brake, Fluted Barrel, Hammer-Forged Rifling","Projection Fuse, Particle Repeater, Liquid Coils","Rangefinder, Moving Target, Firmly Planted","Backup Plan, Tap the Trigger, Rampage",pvp,Range or Stability
,,,,,,
Every Waking Moment,"Fluted Barrel, Arrowhead Brake, Chambered Compensator","Extended mag, High-Caliber Rounds","Outlaw, Slideways, Zen Moment","Swashbuckler, Kill Clip, Demolitionist",pve,Reload
,"Hammer-Forged Rifling, Smallbore, Polygonal Rifling","Ricochet Rounds, High-Caliber Rounds, Light Mag","Outlaw, Slideways, Zen Moment","Swashbuckler, Demolitionist, Eye of the Storm, Kill Clip",pvp,Range or Handling
,,,,,,
Optative,"Fluted Barrel, Corkscrew Rifling, Hammer-Forged Rifling","Tactical Mag, Extended Mag, Appended Mag","Rapid Hit, Outlaw, Fourth Time’s the Charm","Demolitionist, Kill Clip",pve,Reload
,"Full Bore, Extended Barrel, Hammer-Forged Rifling",Accurized Rounds,"Rapid Hit, Outlaw","Kill Clip, Opening Shot",pvp,Range
,,,,,,
Premonition,"Arrowhead Brake, Fluted Barrel","High-Caliber Rounds, Appended Mag","Outlaw, Firmly Planted","Demolitionist, Kill Clip",pve,Handling or Reload
,"Arrowhead Brake, Smallbore, Corkscrew Rifling","High-Caliber Rounds, Ricochet Rounds","Outlaw, Firmly Planted","Kill Clip, Demolitionist",pvp,"Range (PC), Stability (Console) or Handling"
,,,,,,
Subjunctive,"Fluted Barrel, Corkscrew Rifling, Smallbore","Ricochet Rounds, Appended Mag","Outlaw, Quickdraw","Surrounded, Swashbuckler, Rampage Multikill Clip",pve,Reload
,"Full Bore (PC), Polygonal Rifling (Console), Smallbore","High-Caliber Rounds, Ricochet Rounds","Quickdraw, Outlaw, Pulse Monitor","Swashbuckler, Rampage",pvp,"Range (PC), Stability (Console)"
,,,,,,
,,,,,,
A Fine Memorial,"Fluted Barrel, Arrowhead Brake, Corkscrew Rifling","High-Caliber Rounds, Appended Mag, Flared Magwell","Quickdraw, Pulse Monitor","Surrounded, Demolitionist",pve,Reload
,"Fluted Barrel, Hammer-Forged Rifling, Smallbore","High-Caliber Rounds, Ricochet Rounds, Light Mag","Quickdraw, Moving Target","Tap the Trigger, Demolitionist",pvp,Range
,,,,,,
Edgewise,Polygonal Rifling,Light Mag,"Feeding Frenzy, Field Prep","Rampage, Demolitionist",pve,Stability
,Polygonal Rifling,Light Mag,"Feeding Frenzy, Field Prep","Rampage, Demolitionist",pvp,Stability
,,,,,,
Love and Death,"Volatile Launch, Hard Launch","Spike Grenades, Augmented Drum, Mini Frags","Field Prep, Threat Detector","Quickdraw, Full Court",pve,Reload
,"Confined Launch, Linear Compensator","Proximity Grenades, High-Explosive Ordinance",Rangefinder,Quickdraw,pvp,Blast Radius
,,,,,,
Night Terror,"Jagged Edge, Honed Edge, Tempered Edge",Heavy Guard,"Relentless Strikes, Tireless Blade",Whirlwind Blade,pve,Impact
,"Hungry Edge, Enduring Blade, Honed Edge",Heavy Guard,Tireless Blade,"Assassin’s Blade, En Garde",pvp,Impact
,,,,,,
Temporal Clause,"Fluted Barrel, Arrowhead Brake, Corkscrew Rifling","High-Caliber Rounds, Appended Mag, Flared Magwell","Quickdraw, Autoloading Holster","Surrounded, Rampage",pve,Reload
,"Fluted Barrel, Arrowhead Brake","High-Caliber Rounds, Ricochet Rounds, Light Mag","Quickdraw, Firmly Planted","Rangefinder, Eye of the Storm, Rampage",pvp,Range
,,,,,,
,,,,,,
,,,,,,Pandapaxxy
,,,,,,Garden of Salvation Raid
,,,,,,
,,,,,,
Accrued Redemption,"Polymer String, Natural String, Agile String","Compact Arrow Size, Straight Fletching, Helical Fletching","Archer’s Tempo, Quickdraw","Rampage, Explosive Head, Rapid Hit",pve,Draw Time
Accrued Redemption,"Elastic String, Flexible String, Polymer String","Straight Fletching, Helical Fletching","Archer’s Tempo, No Distractions, Rangefinder","Rampage, Moving Target, Rapid Hit",pvp,Draw Time
,,,,,,
Ancient Gospel,"Fluted Barrel, Smallbore, Corkscrew Rifling","Tactical Mag, Extended Mag","Rapid Hit, Outlaw, Slideshot","Dragonfly, Swashbuckler, Kill Clip",pve,"Hanlding, Reload"
Ancient Gospel,"Smallbore, Hammer-Forged Rifling, Full Bore","Accurized Rounds, Tactical Mag","Rapid Hit, Eye of the Storm, Outlaw","Rangefinder, Swashbuckler, Kill Clip",pvp,Range
,,,,,,
Omniscient Eye,"Fluted Barrel, Arrowhead Break, Smallbore","Tactical Mag, Appended Mag, Flared Magwell","Outlaw, Mulligan","Dragonfly, Multikill Clip, Rampage",pve,Reload
Omniscient Eye,"Fluted Barrel, Hammer-Forged Rifling, Smallbore","Accurized Rounds, Steady Rounds","Mulligan, No Distractions, Outlaw",Snapshot Sights,pvp,"Range, Handling"
,,,,,,
Prophet of Doom,"Smallbore, Corkscrew Rifling, Barrel Shroud","Assault Mag, Tactical Mag, Appended Mag","Feeding Frenzy, Full Auto Trigger System","One-Two Punch, Rampage",pve,"Handing, Reload"
Prophet of Doom,"Rifled Barrel, Full Choke","Accurized Rounds, Assault Mag","Feeding Frenzy, Slideways","Opening Shot, One-Two Punch, Rampage",pvp,Range
,,,,,,
Reckless Oracle,"Arrowhead Brake, Fluted Barrel, Polygonal Rifling","High-Caliber Rounds, Extended Mag, Ricochet Rounds","Outlaw, Auto-Loading Holster","Swashbuckler, Demolitionist, Kill Clip",pve,Reload
Reckless Oracle,"Extended Barrel, Arrowhead Brake, Corkscrew Rifling","High-Caliber Rounds, Ricochet Rounds","Outlaw, Mulligan","Swashbuckler, Kill Clip, Demolitionist",pvp,"Range, Stability"
,,,,,,
Sacred Provenance,"Arrowhead Brake, Fluted Barrel, Smallbore","High-Caliber Rounds, Extended Mag, Ricochet Rounds","Rapid Hit, Outlaw, Full Auto Trigger System","Kill Clip, Quickdraw",pve,"Hanlding, Reload"
Sacred Provenance,"Full Bore (PC), Arrowhead Brake (Console), Smallbore","High-Caliber Rounds, Ricochet Rounds, Light Mag","Rapid Hit, Outlaw","Quickdraw, Snapshot Sights, Kill Clip",pvp,"Range(PC), Stability(Console)"
,,,,,,
Zealot's Reward,"Fluted Barrel, Corkscrew Rifling, Smallbore","Liquid Coils, Projection Fuse","Feeding Frenzy, Auto-Loading Holster","Backup Plan, Rampage, Disruption Break",pve,Reload
Zealot's Reward,"Arrowhead Brake, Extended Barrel","Liquid Coils, Projection Fuse","Feeding Frenzy, Auto-Loading Holster",Backup Plan,pvp,"Range, Stability"
,,,,,,
,,,,,,
,,,,,,Pandapaxxy
,,,,,,Altar of Sorrows - Pit of Heresy
,,,,,,
,,,,,,
Blasphemer,"Fluted Barrel, Chambered Compensator, Smallbore","Assault Mag, Tactical Mag, Appended Mag","Outlaw, Quickdraw","Swashbuckler, Triple Tap, Rampage",pve,Reload
Blasphemer,"Smallbore, Hammer-Forged Rifling","Assault Mag, Accurized Rounds, Light Mag",Quickdraw,"Opening Shot, Swashbuckler",pvp,Range or Reload
,,,,,,
Apostate,"Fluted Barrel, Smallbore, Hammer-Forged Rifling","Tactical Mag, Appended Mag, Extended Mag",Outlaw,"Box Breathing, Rapid Hit, Multikill Clip",pve,Reload
Apostate,"Fluted Barrel, Hammer-Forged Rifling, Smallbore",Accurized Rounds,"Outlaw, Moving Target, Firmly Planted","Quickdraw, Snapshot Sights, Box Breathing",pvp,Range or Handling
,,,,,,
Premonition,"Arrowhead Brake, Fluted Barrel, Chambered Compensator","High-Caliber Rounds, Appended Mag",Outlaw,"Demolitionist, Kill Clip, Dragonfly",pve,Reload
Premonition,"Hammer-Forged Rifling, Smallbore, Arrowhead Brake","High-Caliber Rounds, Ricochet Rounds","Firmly Planted, Rangefinder, Outlaw","Demolitionist, Kill Clip, Headseeker",pvp,Range or Reload
,,,,,,
Heretic,"Quick Launch, Hard Launch, Linear Compensator","Impact Casing, Alloy Mag",Demolitionist,"Cluster Bombs, Kill Clip, Quickdraw",pve,Reload
Heretic,"Volatile Launch, Confined Launch, Linear Compensator","Black Powder, High-Velocity Rounds",Demolitionist,"Cluster Bombs, Quickdraw",pvp,Blast Radius
,,,,,,
,,,,,,
,,,,,,Pandapaxxy
,,,,,,Season of Dawn - controller
,,,,,,
,,,,,,
Buzzard,Extended Barrel,Alloy Mag,"Overflow, Outlaw","Swashbuckler, Osmosis","curated,pve,pvp,controller",Stability
,,,,,,
Python,Smallbore,Extended Mag,"Overflow, Feeding Frenzy","One-Two Punch, Shield Disorient","curated,pve,controller",Reload
,Smallbore,Extended Mag,"Feeding Frenzy, Overflow","One-Two Punch, Shield Disorient","curated,pvp,controller",Reload
,,,,,,
Komodo-4FR,Polygonal Rifling,Accelerated Coils,"No Distractions, Moving Target","Box Breathing, Eye of the Storm","curated,pve,controller",Charge Time | Impact
,Polygonal Rifling,Accelerated Coils,"Moving Target, No Distractions","Eye of the Storm, Box Breathing","curated,pvp,controller",Charge Time | Impact
,,,,,,
Old Fashioned,"Fastdraw HCS, Truesight HCS, Hitmark HCS","Tactical Mag, Steady Rounds, Flared Magwell","Feeding Frenzy, Demolitionist","Kill Clip, Surrounded, Explosive Payload","pve,controller",Reload or Handling
,"SureShot HCS, Crossfire HCS, Hitmark HCS","Accurized Rounds, Steady Rounds","Firmly Planted, Quickdraw, Feeding Frenzy, Demolitionist","Kill Clip, Explosive Payload, Moving Target, Snapshot Sights","pvp,controller",Range or Stability
,,,,,,
Hawthorn's Field Forged Shotgun,"Barrel Shroud, Corkscrew Rifling, Smallbore","Tactical Mag, Assault Mag, Light Mag","Field Prep, Full Auto Trigger System, Grave Robber","One-Two Punch, Demolitionist, Surrounded","pve,controller",Reload
,"Full Choke, Rifled Barrel","Accurized Rounds, Assault Mag","Full Auto Trigger System, Grave Robber","Opening Shot, Demolitionist, One-Two Punch","pvp,controller",Range
,,,,,,
Perfect Paradox,"Barrel Shroud, Corkscrew Rifling, Smallbore","Tactical Mag, Appended Mag, Light Mag","Demolitionist, Field Prep, Slideshot","One-Two Punch, Swashbuckler, Trench Barrel","pve,controller",Reload
,"Full Choke, Rifled Barrel",Accurized Rounds,"Demolitionist, Slideshot","Opening Shot, Swashbuckler, One-Two Punch","pvp,controller",Range
,,,,,,
Uriel's Gift,"Torch HS3, Candle PS, Spark PS","High-Caliber Rounds, Ricochet Rounds, Armor Piercing Rounds","Firmly Planted, Quickdraw, Field Prep","Kill Clip, Disruption Break","pve,controller",Reload
,Torch HS3,"Ricochet Rounds, High-Caliber Rounds, Flared Magwell","Firmly Planted, Quickdraw","Tap the Trigger, Moving Target, Kill Clip","pvp,controller",Range or Stability
,,,,,,
Elatha FR4,"Torch HS3, Candle PS, Spark PS","Liquid Coils, Enhanced Battery","Firmly Planted, Quickdraw, Field Prep","Demolitionist, Backup Plan, Surrounded","pve,controller",Reload
,Torch HS3,"Projection Fuse, Particle Repeater","Firmly Planted, Quickdraw","Backup Plan, Demolitionist, Snapshot","pvp,controller",Range or Stability
,,,,,,
Jack Queen King 3,"Fastdraw HCS, Truesight HCS, Hitmark HCS","High-Caliber Rounds, Ricochet Rounds, Flared Magwell","Demolitionist, Subsistence","Dragonfly, Swashbuckler, Rampage, Surrounded","pve,controller",Reload
,"Hitmark HCS, Crossfire HCS, SureShot HCS","Ricochet Rounds, High-Caliber Rounds",Demolitionist,"Swashbuckler, Snapshot Sights","pvp,controller",Range or Stability
,,,,,,
Infinite Paths 8,"Arrowhead Brake, Corkscrew Rifling, Smallbore","Tactical Mag, Steady Rounds, Appended Mag",Demolitionist,"Swashbuckler, Dragonfly","pve,controller",Reload
,"Arrowhead Brake, Corkscrew Rifling, Smallbore","Steady Rounds, Accurized Rounds, Tactical Mag","Demolitionist, Moving Target","Eye of the Storm, Zen Moment, Swashbuckler","pvp,controller",Stability
,,,,,,
Last Hope,"Quickdot SAS, Control SAS, Shortspec SAS","High-Caliber Rounds, Armor Piercing Rounds, Ricochet Rounds","Feeding Frenzy, Quickdraw, Grave Robber","Multikill Clip, Dragonfly","pve,controller",Reload
,"Farpoint SAS, Target SAS, Tactic SAS","Ricochet Rounds, High-Caliber Rounds, Flared Magwell","Quickdraw, Feeding Frenzy, Rangefinder","Tap the Trigger, Zen Moment, Multikill Clip","pvp,controller",Range or Stability
,,,,,,
Traveler's Judgement 5,"Quickdot SAS, Control SAS, Shortspec SAS","High-Caliber Rounds, Armor Piercing Rounds, Ricochet Rounds","Rapid Hit, Feeding Frenzy","Disruption Break, Surrounded, Dragonfly","pve,controller",Reload
,"Farpoint SAS, Target SAS, Tactic SAS","Ricochet Rounds, High-Caliber Rounds, Flared Magwell","Rapid Hit, Feeding Frenzy, Firmly Planted","Tap the Trigger, Headseeker","pvp,controller",Range or Stability
,,,,,,
Mos Epoch III,"Hard Launch, Quick Launch, Smart Drift Control","Impact Casing, Implosion Rounds, Alloy Casing","Auto-Loading Holster, Tracking Module","Cluster Bombs, Disruption Break, Quickdraw","pve,controller",Reload or Velocity
,"Volatile Launch, Confined Launch, Quick Launch","Black Powder, Alloy Casing","Tracking Module, Auto-Loading Holster","Quickdraw, Cluster Bombs","pvp,controller",Blast Radius
,,,,,,
,,,,,,
Steelfeather Repeater,"Extended Barrel, Hammer-Forged Rifling, Smallbore","High-Caliber Rounds, Armor-Piercing Rounds, Appended Mag","Feeding Frenzy, Firmly Planted, Subsistence","Multikill Clip, Swashbuckler, Vorpal Weapon","pve,controller",Range or Reload
,"Hammer-Forged Rifling, Smallbore, Polygonal Rifling","High-Caliber Rounds, Ricochet Rounds","Feeding Frenzy, Firmly Planted","Swashbuckler, Vorpal Weapon, Elemental Capacitor","pvp,controller",Range or Stability
,,,,,,
Patron of Lost Causes,"Hammer-Forged Rifling, Smallbore, Corkscrew Rifling","Tactical Mag, Appended Mag","Rapid Hit, Full Auto Trigger System","Vorpal Weapon, Explosive Payload, Osmosis","pve,controller",Reload
,"Smallbore, Hammer-Forged Rifling, Fluted Barrel","Accurized Rounds, Steady Rounds, Tactical Mag",Rapid Hit,"Opening Shot, Explosive Payload, Vorpal Weapon","pvp,controller",Range
,,,,,,
Breechlight,"Fluted Barrel, Smallbore, Hammer-Forged Rifling","Tactical Mag, Appended Mag","Demolitionist, Outlaw","Multikill Clip, Osmosis, Quickdraw, Vorpal Weapon","pve,controller",Reload
,"Hammer-Forged Rifling, Smallbore, Polygonal Rifling","Accurized Rounds, Steady Rounds, Appended Mag","Demolitionist, Outlaw","Vorpal Weapon, Quickdraw, Multikill Clip","pvp,controller",Range
,,,,,,
Gallant Chargw,"Fluted Barrel, Hammer-Forged Rifling, Smallbore","Liquid Coils, Enhanced Battery","Demolitionist, Auto-Loading Holster","Swashbuckler, Multikill Clip, Lead from Gold","pve,controller",Reload
,"Hammer-Forged Rifling, Smallbore, Polygonal Rifling","Projection Fuse, Particle Repeater","Demolitionist, Auto-Loading Holster","Tap the Trigger, Rangefinder, Swashbuckler","pvp,controller",Range or Stability
,,,,,,
Martyr's Retribution,"Quick Launch, Smart Drift Control, Countermass","High-Velocity Rounds, Implosion Rounds","Field Prep, Auto-Loading Holster","Demolitionist, Lead from Gold","pve,controller",Reload
,"Confined Launch, Linear Compensator, Volatile Launch","High-Velocity Rounds, Implosion Rounds","Auto-Loading Holster, Grave Robber, Field Prep","Demolitionist, Rangefinder","pvp,controller",Velocity
,,,,,,
Line in the Sand,"Fluted Barrel, Arrowhead Brake, Corkscrew Rifling","Liquid Coils, Enhanced Battery","Rapid Hit, Genesis","Firing Line, Clown Cartridge, Backup Plan, Dragonfly","pve,controller",Reload
,"Hammer-Forged Rifling, Smallbore, Fluted Barrel","Accelerated Coils, Projection Fuse","Moving Target, Rangefinder, Rapid Hit","Backup Plan, Rampage, Auto-Loading Holster","pvp,controller",Charge Time | Impact
,,,,,,
Cold Front,"Fluted Barrel, Polygonal Rifling, Smallbore","Tactical Mag, Steady Rounds, Extended Mag, Appended Mag","Feeding Frenzy, Zen Moment, Auto-Loading Holster","Kill Clip, Vorpal Weapon, Osmosis","pve,controller",Reload
,"Smallbore, Polygonal Rifling, Chambered Compensator","Steady Rounds, Flared Magwell, Accurized Rounds","Zen Moment, Feeding Frenzy, Underdog","Kill Clip, Rangefinder, Vorpal Weapon","pvp,controller",Stability
,,,,,,
Trophy Hunter,"Fluted Barrel, Arrowhead Brake, Corkscrew Rifling","Tactical Mag, Extended Mag, Appended Mag","Triple Tap, Lead from Gold","Vorpal Weapon, Dragonfly, Disruption Break","pve,controller",Reload
,Fluted Barrel,"Accurized Rounds, Tactical Mag","Pulse Monitor, Lead from Gold",Snapshot Sights,"pvp,controller",Handling
,,,,,,
Pyrochrastic Flow,"Quick Launch, Hard Launch, Linear Compensator","Impact Casing, Alloy Casing","Quickdraw, Ambitious Assassin","Cluster Bombs, Auto-Loading Holster","pve,controller",Reload
,"Volatile Launch, Countermass, Linear Compensator","Black Powder, High-Velocity Rounds",Quickdraw,Cluster Bombs,"pvp,controller",Blast Radius
,,,,,,
Point of the Stag,Elastic String,Natural Fletching,"Archer’s Tempo, No Distractions","Vorpal Weapon, Eye of the Storm","pve,controller",Draw Time
,Elastic String,Natural Fletching,"Archer’s Tempo, No Distractions","Eye of the Storm, Vorpal Weapon","pvp,controller",Draw Time
,,,,,,
,,,,,,
,,,,,,Pandapaxxy
,,,,,,Season of Dawn - Mouse and keyboard
,,,,,,
,,,,,,
Buzzard,Extended Barrel,Alloy Mag,"Overflow, Outlaw","Swashbuckler, Osmosis","pve,pvp,mkb",Stability
,,,,,,
Python,Smallbore,Extended Mag,"Overflow, Feeding Frenzy","One-Two Punch, Shield Disorient","pve,mkb",Reload
Python,Smallbore,Extended Mag,"Feeding Frenzy, Overflow","One-Two Punch, Shield Disorient","pvp,mkb",Reload
,,,,,,
Komodo-4FR,Polygonal Rifling,Accelerated Coils,"No Distractions, Moving Target","Box Breathing, Eye of the Storm","pve,mkb",Charge Time | Impact
Komodo-4FR,Polygonal Rifling,Accelerated Coils,"Moving Target, No Distractions","Eye of the Storm, Box Breathing","pvp,mkb",Charge Time | Impact
,,,,,,
Old Fashioned,"Fastdraw HCS, Truesight HCS, Hitmark HCS","Tactical Mag, Appended Mag, Extended Mag, Flared Magwell","Feeding Frenzy, Demolitionist, Slideshot","Kill Clip, Surrounded, Snapshot Sights","pve,mkb",Reload or Handling
Old Fashioned,"SureShot HCS, Crossfire HCS, Hitmark HCS","Accurized Rounds, Tactical Mag","Quickdraw, Demolitionist, Feeding Frenzy, Firmly Planted, Slideshot","Kill Clip, Explosive Payload, Snapshot, Moving Target","pvp,mkb",Range
,,,,,,
Hawthorn's Field Forged Shotgun,"Barrel Shroud, Corkscrew Rifling, Smallbore","Tactical Mag, Assault Mag, Light Mag","Field Prep, Full Auto Trigger System, Grave Robber","One-Two Punch, Demolitionist, Surrounded","pve,mkb",Reload
Hawthorn's Field Forged Shotgun,"Full Choke, Rifled Barrel","Accurized Rounds, Assault Mag","Full Auto Trigger System, Grave Robber","Opening Shot, Demolitionist, One-Two Punch","pvp,mkb",Range
,,,,,,
Perfect Paradox,"Barrel Shroud, Corkscrew Rifling, Smallbore","Tactical Mag, Appended Mag, Light Mag","Demolitionist, Field Prep, Slideshot","One-Two Punch, Swashbuckler, Trench Barrel","pve,mkb",Reload
Perfect Paradox,"Full Choke, Rifled Barrel",Accurized Rounds,"Demolitionist, Slideshot","Opening Shot, Swashbuckler, One-Two Punch","pvp,mkb",Range
,,,,,,
Uriel's Gift,"Torch HS3, Candle PS, Spark PS","High-Caliber Rounds, Ricochet Rounds, Armor Piercing Rounds","Field Prep, Quickdraw, Firmly Planted","Kill Clip, Disruption Break, Tap the Trigger","pve,mkb",Reload
Uriel's Gift,Torch HS3,"High-Caliber Rounds, Ricochet Rounds","Firmly Planted, Quickdraw","Kill Clip, Tap the Trigger, Moving Target","pvp,mkb",Range
,,,,,,
Elatha FR4,"Torch HS3, Candle PS, Spark PS","Liquid Coils, Enhanced Battery","Quickdraw, Field Prep, Firmly Planted","Backup Plan, Demolitionist, Kill Clip, Surrounded","pve,mkb",Reload
Elatha FR4,Torch HS3,"Projection Fuse, Particle Repeater","Firmly Planted, Quickdraw, No Distractions","Backup Plan, Demolitionist, Snapshot","pvp,mkb",Range or Stability
,,,,,,
Jack Queen King 3,"Fastdraw HCS, Truesight HCS, Hitmark HCS","High-Caliber Rounds, Ricochet Rounds, Armor Piercing Rounds","Demolitionist, Subsistence","Dragonfly, Swashbuckler, Rampage","pve,mkb",Reload
Jack Queen King 3,"SureShot HCS, Crossfire HCS, Hitmark HCS","High-Caliber Rounds, Ricochet Rounds","Demolitionist, Threat Detector","Swashbuckler, Snapshot Sights","pvp,mkb",Range
,,,,,,
Infinite Paths 8,"Fluted Barrel, Arrowhead Brake, Chambered Compensator","Tactical Mag, Flared Magwell, Accurized Rounds","Demolitionist, Genesis","Swashbuckler, Dragonfly, Zen Moment","pve,mkb",Reload
Infinite Paths 8,"Extended Barrel, Chambered Compensator, Smallbore",Accurized Rounds,"Demolitionist, Moving Target","Eye of the Storm, Swashbuckler, Zen Moment","pvp,mkb",Range
,,,,,,
Last Hope,"Quickdot SAS, Control SAS, Shortspec SAS","Appended Mag, High-Caliber Rounds, Flared Magwell","Feeding Frenzy, Quickdraw","Multikill Clip, Rampage, Dragonfly","pve,mkb",Reload
Last Hope,"Farpoint SAS, Target SAS, Tactic SAS","High-Caliber Rounds, Ricochet Rounds","Rangefinder, Quickdraw, Feeding Frenzy","Tap the Trigger, Multikill Clip, Zen Moment","pvp,mkb",Range
,,,,,,
Traveler's Judgement 5,"Quickdot SAS, Control SAS, Shortspec SAS","Appended Mag, High-Caliber Rounds, Flared Magwell","Rapid Hit, Feeding Frenzy","Disruption Break, Dragonfly, Surrounded","pve,mkb",Reload
Traveler's Judgement 5,"Farpoint SAS, Target SAS, Tactic SAS","High-Caliber Rounds, Ricochet Rounds","Rapid Hit, Feeding Frenzy, Firmly Planted","Tap the Trigger, Headseeker","pvp,mkb",Range
,,,,,,
Mos Epoch III,"Hard Launch, Quick Launch, Smart Drift Control","Impact Casing, Implosion Rounds, Alloy Casing","Auto-Loading Holster, Tracking Module","Cluster Bombs, Disruption Break, Quickdraw","pve,mkb",Reload or Velocity
Mos Epoch III,"Volatile Launch, Confined Launch, Quick Launch","Black Powder, Alloy Casing","Tracking Module, Auto-Loading Holster","Quickdraw, Cluster Bombs","pvp,mkb",Blast Radius
,,,,,,
,,,,,,
Steelfeather Repeater,"Extended Barrel, Hammer-Forged Rifling, Smallbore","High-Caliber Rounds, Armor-Piercing Rounds, Appended Mag","Feeding Frenzy, Firmly Planted, Subsistence","Multikill Clip, Swashbuckler, Vorpal Weapon","pve,mkb",Reload
Steelfeather Repeater,"Full Bore, Hammer-Forged Rifling, Smallbore","High-Caliber Rounds, Ricochet Rounds","Feeding Frenzy, Firmly Planted","Swashbuckler, Vorpal Weapon, Elemental Capacitor","pvp,mkb",Range
,,,,,,
Patron of Lost Causes,"Hammer-Forged Rifling, Smallbore, Corkscrew Rifling","Tactical Mag, Appended Mag","Rapid Hit, Full Auto Trigger System","Vorpal Weapon, Explosive Payload, Osmosis","pve,mkb",Reload
Patron of Lost Causes,"Smallbore, Hammer-Forged Rifling, Fluted Barrel","Accurized Rounds, Tactical Mag",Rapid Hit,"Opening Shot, Explosive Payload, Vorpal Weapon","pvp,mkb",Range
,,,,,,
Breechlight,"Fluted Barrel, Smallbore, Hammer-Forged Rifling","Tactical Mag, Appended Mag","Demolitionist, Outlaw","Multikill Clip, Osmosis, Quickdraw, Vorpal Weapon","pve,mkb",Reload
Breechlight,"Hammer-Forged Rifling, Smallbore, Extended Barrel","Accurized Rounds, Appended Mag","Demolitionist, Outlaw","Vorpal Weapon, Quickdraw, Multikill Clip","pvp,mkb",Range
,,,,,,
Gallant Chargw,"Fluted Barrel, Hammer-Forged Rifling, Smallbore","Liquid Coils, Enhanced Battery","Demolitionist, Auto-Loading Holster","Swashbuckler, Multikill Clip, Lead from Gold","pve,mkb",Reload
Gallant Chargw,"Full Bore, Hammer-Forged Rifling, Extended Barrel","Projection Fuse, Particle Repeater","Demolitionist, Auto-Loading Holster","Tap the Trigger, Rangefinder, Swashbuckler","pvp,mkb",Range
,,,,,,
Martyr's Retribution,"Quick Launch, Smart Drift Control, Countermass","High-Velocity Rounds, Implosion Rounds","Field Prep, Auto-Loading Holster","Demolitionist, Lead from Gold","pve,mkb",Reload
Martyr's Retribution,"Confined Launch, Linear Compensator, Volatile Launch","High-Velocity Rounds, Implosion Rounds","Auto-Loading Holster, Grave Robber, Field Prep","Demolitionist, Rangefinder","pvp,mkb",Velocity
,,,,,,
Line in the Sand,"Fluted Barrel, Arrowhead Brake, Corkscrew Rifling","Liquid Coils, Enhanced Battery","Rapid Hit, Genesis","Firing Line, Clown Cartridge, Backup Plan, Dragonfly","pve,mkb",Reload
Line in the Sand,"Hammer-Forged Rifling, Smallbore, Fluted Barrel","Accelerated Coils, Projection Fuse","Moving Target, Rangefinder, Rapid Hit","Backup Plan, Rampage, Auto-Loading Holster","pvp,mkb",Charge Time | Impact
,,,,,,
Cold Front,"Fluted Barrel, Hammer-Forged Rifling, Extended Barrel","Tactical Mag, Extended Mag, Appended Mag","Feeding Frenzy, Auto-Loading Holster","Kill Clip, Vorpal Weapon, Osmosis","pve,mkb",Reload
Cold Front,"Full Bore, Extended Barrel, Hammer-Forged Rifling","Accurized Rounds, Tactical Mag, Flared Magwell","Feeding Frenzy, Underdog","Kill Clip, Rangefinder, Vorpal Weapon","pvp,mkb",Range
,,,,,,
Trophy Hunter,"Fluted Barrel, Arrowhead Brake, Corkscrew Rifling","Tactical Mag, Extended Mag, Appended Mag","Triple Tap, Lead from Gold","Vorpal Weapon, Dragonfly, Disruption Break","pve,mkb",Reload
Trophy Hunter,Fluted Barrel,"Accurized Rounds, Tactical Mag","Pulse Monitor, Lead from Gold",Snapshot Sights,"pvp,mkb",Handling
,,,,,,
Pyrochrastic Flow,"Quick Launch, Hard Launch, Linear Compensator","Impact Casing, Alloy Casing","Quickdraw, Ambitious Assassin","Cluster Bombs, Auto-Loading Holster","pve,mkb",Reload
Pyrochrastic Flow,"Volatile Launch, Countermass, Linear Compensator","Black Powder, High-Velocity Rounds",Quickdraw,Cluster Bombs,"pvp,mkb",Blast Radius
,,,,,,
Point of the Stag,Elastic String,Natural Fletching,"Archer’s Tempo, No Distractions","Vorpal Weapon, Eye of the Storm","pve,mkb",Draw Time
Point of the Stag,Elastic String,Natural Fletching,"Archer’s Tempo, No Distractions","Eye of the Storm, Vorpal Weapon","pvp,mkb",Draw Time